city,state,career,business,cafes,fitness,nightlife,nature,climate,mobility,safety,social,affordability
Pune,Maharashtra,8,8,9,9,7,6,7,8,8,9,6.98
Mumbai,Maharashtra,10,9,10,9,10,4,7,10,7,10,1.0
Dehradun,Uttarakhand,6,5,6,6,4,10,9,5,8,7,9.24
Bengaluru,Karnataka,10,10,9,9,8,5,6,7,7,10,6.62
Hyderabad,Telangana,9,8,8,8,7,5,7,8,8,9,7.65
Jaipur,Rajasthan,7,6,8,7,7,8,8,7,7,8,9.24
Chandigarh,Chandigarh,8,6,7,8,6,8,7,9,9,8,8.15
Rishikesh,Uttarakhand,5,4,7,8,3,10,9,4,8,6,10.0
Delhi,Delhi,8,9,8,8,9,4,6,10,6,9,7.29
Ahmedabad,Gujarat,8,7,8,7,6,6,8,8,8,8,8.31
