city,career_raw,business_raw,mobility_raw,safety_raw,climate_avg_temp,nature_raw,cafes_est,fitness_est,nightlife_est,social_est,affordability,career,mobility,safety,nature,business,climate,cafes,fitness,nightlife,social
Pune,60,5,28.9,58.7,25,1.4,8.9,9.1,8.3,9.5,6.98,7.2,1.9,6.8,1.1,5.5,9.5,8.9,9.1,8.3,9.5
Mumbai,55,3,36.8,56.1,28,6.61,9.3,9.4,9.8,9.7,1.0,5.5,4.2,5.9,2.4,7.8,8.0,9.3,9.4,9.8,9.7
Bengaluru,68,1,25.6,46.3,24,17.8,9.8,9.7,9.6,9.8,6.62,10.0,1.0,2.7,5.1,10.0,10.0,9.8,9.7,9.6,9.8
Hyderabad,61,4,44.5,57.4,28,0.88,8.2,8.5,8.1,8.8,7.65,7.6,6.4,6.4,1.0,6.6,8.0,8.2,8.5,8.1,8.8
Delhi,53,2,39.8,41.0,25,19.84,8.5,9.0,9.1,9.2,7.29,4.8,5.0,1.0,5.6,8.9,9.5,8.5,9.0,9.1,9.2
Chandigarh,50,6,57.34,57.3,24,38.0,7.5,8.0,7.8,8.1,8.15,3.8,10.0,6.3,10.0,4.4,10.0,7.5,8.0,7.8,8.1
Jaipur,48,8,41.3,64.3,26,6.67,8.0,7.4,7.2,8.0,9.24,3.1,5.5,8.6,2.4,2.1,9.0,8.0,7.4,7.2,8.0
Dehradun,45,7,50.0,55.0,23,6.4,6.5,6.5,4.5,7.1,9.24,2.0,7.9,5.6,2.3,3.2,9.5,6.5,6.5,4.5,7.1
Ahmedabad,52,7,51.0,68.5,34,3.91,7.2,7.6,6.4,7.4,8.31,4.5,8.2,10.0,1.7,3.2,5.0,7.2,7.6,6.4,7.4
Rishikesh,42,9,48.0,55.0,24,8.1,7.9,7.9,3.8,7.5,10.0,1.0,7.4,5.6,2.8,1.0,10.0,7.9,7.9,3.8,7.5
