city,career_raw,business_raw,mobility_raw,safety_raw,climate_avg_temp,nature_raw,cafes_est,fitness_est,nightlife_est,social_est
Pune,60,5,28.9,58.7,25,1.4,8.9,9.1,8.3,9.5
Mumbai,55,3,36.8,56.1,28,6.61,9.3,9.4,9.8,9.7
Bengaluru,68,1,25.6,46.3,24,17.8,9.8,9.7,9.6,9.8
Hyderabad,61,4,44.5,57.4,28,0.88,8.2,8.5,8.1,8.8
Delhi,53,2,39.8,41.0,25,19.84,8.5,9.0,9.1,9.2
Chandigarh,50,6,57.34,57.3,24,38.0,7.5,8.0,7.8,8.1
Jaipur,48,8,41.3,64.3,26,6.67,8.0,7.4,7.2,8.0
Dehradun,45,7,50.0,55.0,23,6.4,6.5,6.5,4.5,7.1
Ahmedabad,52,7,51.0,68.5,34,3.91,7.2,7.6,6.4,7.4
Rishikesh,42,9,48.0,55.0,24,8.1,7.9,7.9,3.8,7.5